{
    "type": "FeatureCollection",
    "features": [
        {
            "type": "Feature",
            "properties": {
                "route_name": "Primary Route",
                "route_number": 1,
                "distance_m": 20890,
                "duration_sec": 1326.1
            },
            "geometry": {
                "type": "LineString",
                "coordinates": [
                    [
                        80.220692,
                        12.914585
                    ],
                    [
                        80.220728,
                        12.914628
                    ],
                    [
                        80.220771,
                        12.914656
                    ],
                    [
                        80.22083,
                        12.914677
                    ],
                    [
                        80.220914,
                        12.91468
                    ],
                    [
                        80.221576,
                        12.914516
                    ],
                    [
                        80.223593,
                        12.914029
                    ],
                    [
                        80.224164,
                        12.913897
                    ],
                    [
                        80.224293,
                        12.913868
                    ],
                    [
                        80.224451,
                        12.91382
                    ],
                    [
                        80.224592,
                        12.913708
                    ],
                    [
                        80.225157,
                        12.913154
                    ],
                    [
                        80.225535,
                        12.912782
                    ],
                    [
                        80.225576,
                        12.912741
                    ],
                    [
                        80.225684,
                        12.912647
                    ],
                    [
                        80.225699,
                        12.912627
                    ],
                    [
                        80.226126,
                        12.912229
                    ],
                    [
                        80.226495,
                        12.911877
                    ],
                    [
                        80.226627,
                        12.91179
                    ],
                    [
                        80.227119,
                        12.911639
                    ],
                    [
                        80.228648,
                        12.911237
                    ],
                    [
                        80.228779,
                        12.911203
                    ],
                    [
                        80.22882,
                        12.91144
                    ],
                    [
                        80.228865,
                        12.911782
                    ],
                    [
                        80.228878,
                        12.911841
                    ],
                    [
                        80.228928,
                        12.912161
                    ],
                    [
                        80.228942,
                        12.912208
                    ],
                    [
                        80.228956,
                        12.912261
                    ],
                    [
                        80.229027,
                        12.912761
                    ],
                    [
                        80.229109,
                        12.912751
                    ],
                    [
                        80.229353,
                        12.914666
                    ],
                    [
                        80.229591,
                        12.916223
                    ],
                    [
                        80.22963,
                        12.91651
                    ],
                    [
                        80.229719,
                        12.917164
                    ],
                    [
                        80.229778,
                        12.917597
                    ],
                    [
                        80.229828,
                        12.917965
                    ],
                    [
                        80.229981,
                        12.9191
                    ],
                    [
                        80.230185,
                        12.92072
                    ],
                    [
                        80.230353,
                        12.921962
                    ],
                    [
                        80.230525,
                        12.923172
                    ],
                    [
                        80.230545,
                        12.923311
                    ],
                    [
                        80.230551,
                        12.923431
                    ],
                    [
                        80.230684,
                        12.924365
                    ],
                    [
                        80.230702,
                        12.924517
                    ],
                    [
                        80.230923,
                        12.926303
                    ],
                    [
                        80.231129,
                        12.927719
                    ],
                    [
                        80.231157,
                        12.92794
                    ],
                    [
                        80.231294,
                        12.929011
                    ],
                    [
                        80.231402,
                        12.929467
                    ],
                    [
                        80.231538,
                        12.930045
                    ],
                    [
                        80.231576,
                        12.930186
                    ],
                    [
                        80.231682,
                        12.930573
                    ],
                    [
                        80.231704,
                        12.930655
                    ],
                    [
                        80.231725,
                        12.930733
                    ],
                    [
                        80.23175,
                        12.930809
                    ],
                    [
                        80.232034,
                        12.931679
                    ],
                    [
                        80.232082,
                        12.931824
                    ],
                    [
                        80.232261,
                        12.932386
                    ],
                    [
                        80.232397,
                        12.932748
                    ],
                    [
                        80.232574,
                        12.933212
                    ],
                    [
                        80.23265,
                        12.933386
                    ],
                    [
                        80.23276,
                        12.933665
                    ],
                    [
                        80.23279,
                        12.933743
                    ],
                    [
                        80.233084,
                        12.934357
                    ],
                    [
                        80.233264,
                        12.934733
                    ],
                    [
                        80.233622,
                        12.935487
                    ],
                    [
                        80.233681,
                        12.935612
                    ],
                    [
                        80.233683,
                        12.935616
                    ],
                    [
                        80.233773,
                        12.935809
                    ],
                    [
                        80.233827,
                        12.935926
                    ],
                    [
                        80.233867,
                        12.936012
                    ],
                    [
                        80.234225,
                        12.936746
                    ],
                    [
                        80.234792,
                        12.937938
                    ],
                    [
                        80.23544,
                        12.939237
                    ],
                    [
                        80.235657,
                        12.939674
                    ],
                    [
                        80.235834,
                        12.940102
                    ],
                    [
                        80.235971,
                        12.940569
                    ],
                    [
                        80.236217,
                        12.941499
                    ],
                    [
                        80.236238,
                        12.9416
                    ],
                    [
                        80.236315,
                        12.941861
                    ],
                    [
                        80.236449,
                        12.942373
                    ],
                    [
                        80.236576,
                        12.942678
                    ],
                    [
                        80.236631,
                        12.942809
                    ],
                    [
                        80.236895,
                        12.943178
                    ],
                    [
                        80.23713,
                        12.943442
                    ],
                    [
                        80.237351,
                        12.943656
                    ],
                    [
                        80.237549,
                        12.943842
                    ],
                    [
                        80.237564,
                        12.943862
                    ],
                    [
                        80.237651,
                        12.943925
                    ],
                    [
                        80.237894,
                        12.944178
                    ],
                    [
                        80.238014,
                        12.944285
                    ],
                    [
                        80.238063,
                        12.944329
                    ],
                    [
                        80.238102,
                        12.944364
                    ],
                    [
                        80.238467,
                        12.94469
                    ],
                    [
                        80.238678,
                        12.944892
                    ],
                    [
                        80.238801,
                        12.945009
                    ],
                    [
                        80.239024,
                        12.94523
                    ],
                    [
                        80.239185,
                        12.945442
                    ],
                    [
                        80.239313,
                        12.945662
                    ],
                    [
                        80.239409,
                        12.945838
                    ],
                    [
                        80.239991,
                        12.947251
                    ],
                    [
                        80.240571,
                        12.948683
                    ],
                    [
                        80.24066,
                        12.948933
                    ],
                    [
                        80.240697,
                        12.94905
                    ],
                    [
                        80.240793,
                        12.949335
                    ],
                    [
                        80.240825,
                        12.949436
                    ],
                    [
                        80.240983,
                        12.949934
                    ],
                    [
                        80.241444,
                        12.951382
                    ],
                    [
                        80.241501,
                        12.951562
                    ],
                    [
                        80.241507,
                        12.95158
                    ],
                    [
                        80.241703,
                        12.952121
                    ],
                    [
                        80.241898,
                        12.952583
                    ],
                    [
                        80.241962,
                        12.952734
                    ],
                    [
                        80.242419,
                        12.953971
                    ],
                    [
                        80.2425,
                        12.954161
                    ],
                    [
                        80.242792,
                        12.954826
                    ],
                    [
                        80.242828,
                        12.954908
                    ],
                    [
                        80.243061,
                        12.955549
                    ],
                    [
                        80.243076,
                        12.95558
                    ],
                    [
                        80.243087,
                        12.955601
                    ],
                    [
                        80.243094,
                        12.95562
                    ],
                    [
                        80.243372,
                        12.956363
                    ],
                    [
                        80.243446,
                        12.956545
                    ],
                    [
                        80.243652,
                        12.957016
                    ],
                    [
                        80.243759,
                        12.957241
                    ],
                    [
                        80.243887,
                        12.957496
                    ],
                    [
                        80.244092,
                        12.957976
                    ],
                    [
                        80.244444,
                        12.958917
                    ],
                    [
                        80.244639,
                        12.959356
                    ],
                    [
                        80.244783,
                        12.95968
                    ],
                    [
                        80.245045,
                        12.960267
                    ],
                    [
                        80.245151,
                        12.960494
                    ],
                    [
                        80.245343,
                        12.960904
                    ],
                    [
                        80.245725,
                        12.96172
                    ],
                    [
                        80.246068,
                        12.962414
                    ],
                    [
                        80.246163,
                        12.962585
                    ],
                    [
                        80.246421,
                        12.963099
                    ],
                    [
                        80.24656,
                        12.963396
                    ],
                    [
                        80.246606,
                        12.96349
                    ],
                    [
                        80.246645,
                        12.963575
                    ],
                    [
                        80.246824,
                        12.963999
                    ],
                    [
                        80.247205,
                        12.965042
                    ],
                    [
                        80.247434,
                        12.965717
                    ],
                    [
                        80.247601,
                        12.966116
                    ],
                    [
                        80.247889,
                        12.966741
                    ],
                    [
                        80.248143,
                        12.967277
                    ],
                    [
                        80.248305,
                        12.967649
                    ],
                    [
                        80.248451,
                        12.968003
                    ],
                    [
                        80.248664,
                        12.968563
                    ],
                    [
                        80.248945,
                        12.969258
                    ],
                    [
                        80.249108,
                        12.969651
                    ],
                    [
                        80.249301,
                        12.970153
                    ],
                    [
                        80.249457,
                        12.970568
                    ],
                    [
                        80.249506,
                        12.970718
                    ],
                    [
                        80.24963,
                        12.971096
                    ],
                    [
                        80.249884,
                        12.972065
                    ],
                    [
                        80.24998,
                        12.972426
                    ],
                    [
                        80.250017,
                        12.972564
                    ],
                    [
                        80.250062,
                        12.97275
                    ],
                    [
                        80.250212,
                        12.973366
                    ],
                    [
                        80.250306,
                        12.973687
                    ],
                    [
                        80.250343,
                        12.973816
                    ],
                    [
                        80.250666,
                        12.974939
                    ],
                    [
                        80.250814,
                        12.975453
                    ],
                    [
                        80.251099,
                        12.976445
                    ],
                    [
                        80.251258,
                        12.976934
                    ],
                    [
                        80.251363,
                        12.977216
                    ],
                    [
                        80.25149,
                        12.977448
                    ],
                    [
                        80.251543,
                        12.977527
                    ],
                    [
                        80.251644,
                        12.977655
                    ],
                    [
                        80.251747,
                        12.977783
                    ],
                    [
                        80.251825,
                        12.977867
                    ],
                    [
                        80.252215,
                        12.978321
                    ],
                    [
                        80.252368,
                        12.978588
                    ],
                    [
                        80.252489,
                        12.978847
                    ],
                    [
                        80.252551,
                        12.97916
                    ],
                    [
                        80.252573,
                        12.979375
                    ],
                    [
                        80.252579,
                        12.979459
                    ],
                    [
                        80.252598,
                        12.979693
                    ],
                    [
                        80.252599,
                        12.979715
                    ],
                    [
                        80.25261,
                        12.979898
                    ],
                    [
                        80.252609,
                        12.979986
                    ],
                    [
                        80.252633,
                        12.980471
                    ],
                    [
                        80.252593,
                        12.981791
                    ],
                    [
                        80.252589,
                        12.981928
                    ],
                    [
                        80.252587,
                        12.981993
                    ],
                    [
                        80.252575,
                        12.982748
                    ],
                    [
                        80.252566,
                        12.982827
                    ],
                    [
                        80.252525,
                        12.983171
                    ],
                    [
                        80.252517,
                        12.983241
                    ],
                    [
                        80.252506,
                        12.983283
                    ],
                    [
                        80.252147,
                        12.984686
                    ],
                    [
                        80.252117,
                        12.984803
                    ],
                    [
                        80.252095,
                        12.984888
                    ],
                    [
                        80.252084,
                        12.98493
                    ],
                    [
                        80.251735,
                        12.986266
                    ],
                    [
                        80.25164,
                        12.98665
                    ],
                    [
                        80.251336,
                        12.987794
                    ],
                    [
                        80.25131,
                        12.9879
                    ],
                    [
                        80.251267,
                        12.988077
                    ],
                    [
                        80.251123,
                        12.988674
                    ],
                    [
                        80.251079,
                        12.98885
                    ],
                    [
                        80.251043,
                        12.988997
                    ],
                    [
                        80.250832,
                        12.98988
                    ],
                    [
                        80.250784,
                        12.990078
                    ],
                    [
                        80.250665,
                        12.990573
                    ],
                    [
                        80.250662,
                        12.990585
                    ],
                    [
                        80.250649,
                        12.990635
                    ],
                    [
                        80.250355,
                        12.9918
                    ],
                    [
                        80.250328,
                        12.991906
                    ],
                    [
                        80.250314,
                        12.99197
                    ],
                    [
                        80.249716,
                        12.9943
                    ],
                    [
                        80.24969,
                        12.994403
                    ],
                    [
                        80.249667,
                        12.994489
                    ],
                    [
                        80.249573,
                        12.994854
                    ],
                    [
                        80.249194,
                        12.996249
                    ],
                    [
                        80.248891,
                        12.997368
                    ],
                    [
                        80.24852,
                        12.998924
                    ],
                    [
                        80.248466,
                        12.999132
                    ],
                    [
                        80.248294,
                        12.999857
                    ],
                    [
                        80.248032,
                        13.000875
                    ],
                    [
                        80.247952,
                        13.001188
                    ],
                    [
                        80.247667,
                        13.002311
                    ],
                    [
                        80.247484,
                        13.003312
                    ],
                    [
                        80.247374,
                        13.004164
                    ],
                    [
                        80.247305,
                        13.004777
                    ],
                    [
                        80.247264,
                        13.005139
                    ],
                    [
                        80.247187,
                        13.005282
                    ],
                    [
                        80.247161,
                        13.005425
                    ],
                    [
                        80.247154,
                        13.005464
                    ],
                    [
                        80.247083,
                        13.005754
                    ],
                    [
                        80.247015,
                        13.006014
                    ],
                    [
                        80.246856,
                        13.00624
                    ],
                    [
                        80.246583,
                        13.006441
                    ],
                    [
                        80.24615,
                        13.006644
                    ],
                    [
                        80.245374,
                        13.006633
                    ],
                    [
                        80.244949,
                        13.006627
                    ],
                    [
                        80.244929,
                        13.006627
                    ],
                    [
                        80.244523,
                        13.006611
                    ],
                    [
                        80.244253,
                        13.006613
                    ],
                    [
                        80.244001,
                        13.006615
                    ],
                    [
                        80.243638,
                        13.006605
                    ],
                    [
                        80.243604,
                        13.006604
                    ],
                    [
                        80.242876,
                        13.006602
                    ],
                    [
                        80.242681,
                        13.006597
                    ],
                    [
                        80.242415,
                        13.006594
                    ],
                    [
                        80.241869,
                        13.006589
                    ],
                    [
                        80.241352,
                        13.006599
                    ],
                    [
                        80.240977,
                        13.006652
                    ],
                    [
                        80.240616,
                        13.006717
                    ],
                    [
                        80.240302,
                        13.006766
                    ],
                    [
                        80.240187,
                        13.006786
                    ],
                    [
                        80.239931,
                        13.006846
                    ],
                    [
                        80.239691,
                        13.0069
                    ],
                    [
                        80.23926,
                        13.006968
                    ],
                    [
                        80.23842,
                        13.007142
                    ],
                    [
                        80.237991,
                        13.007235
                    ],
                    [
                        80.237604,
                        13.007318
                    ],
                    [
                        80.237308,
                        13.007376
                    ],
                    [
                        80.237095,
                        13.007422
                    ],
                    [
                        80.236854,
                        13.007471
                    ],
                    [
                        80.236734,
                        13.00749
                    ],
                    [
                        80.236644,
                        13.007506
                    ],
                    [
                        80.236385,
                        13.007561
                    ],
                    [
                        80.235721,
                        13.00768
                    ],
                    [
                        80.235161,
                        13.007793
                    ],
                    [
                        80.235058,
                        13.007813
                    ],
                    [
                        80.228676,
                        13.009065
                    ],
                    [
                        80.228425,
                        13.009127
                    ],
                    [
                        80.22834,
                        13.009148
                    ],
                    [
                        80.228242,
                        13.009171
                    ],
                    [
                        80.227901,
                        13.009289
                    ],
                    [
                        80.225926,
                        13.010256
                    ],
                    [
                        80.225815,
                        13.010328
                    ],
                    [
                        80.22497,
                        13.010706
                    ],
                    [
                        80.224857,
                        13.010756
                    ],
                    [
                        80.224726,
                        13.010809
                    ],
                    [
                        80.22446,
                        13.010918
                    ],
                    [
                        80.224104,
                        13.011063
                    ],
                    [
                        80.224015,
                        13.011099
                    ],
                    [
                        80.223282,
                        13.01139
                    ],
                    [
                        80.223198,
                        13.01143
                    ],
                    [
                        80.223024,
                        13.011496
                    ],
                    [
                        80.222801,
                        13.011579
                    ],
                    [
                        80.222419,
                        13.011722
                    ],
                    [
                        80.222377,
                        13.011737
                    ],
                    [
                        80.222331,
                        13.011753
                    ],
                    [
                        80.221986,
                        13.011873
                    ],
                    [
                        80.221907,
                        13.011909
                    ],
                    [
                        80.221836,
                        13.011942
                    ],
                    [
                        80.221798,
                        13.01196
                    ],
                    [
                        80.221747,
                        13.011976
                    ],
                    [
                        80.221575,
                        13.012019
                    ],
                    [
                        80.22148,
                        13.012058
                    ],
                    [
                        80.221307,
                        13.012113
                    ],
                    [
                        80.221065,
                        13.012149
                    ],
                    [
                        80.220237,
                        13.011867
                    ],
                    [
                        80.22002,
                        13.011801
                    ],
                    [
                        80.219878,
                        13.011759
                    ],
                    [
                        80.218362,
                        13.011282
                    ],
                    [
                        80.2183,
                        13.01126
                    ],
                    [
                        80.21785,
                        13.011104
                    ],
                    [
                        80.217769,
                        13.011076
                    ],
                    [
                        80.217511,
                        13.010984
                    ],
                    [
                        80.217071,
                        13.010795
                    ],
                    [
                        80.21688,
                        13.010708
                    ],
                    [
                        80.216842,
                        13.010691
                    ],
                    [
                        80.216328,
                        13.010461
                    ],
                    [
                        80.216107,
                        13.010363
                    ],
                    [
                        80.215735,
                        13.010207
                    ],
                    [
                        80.21558,
                        13.010153
                    ],
                    [
                        80.214793,
                        13.010064
                    ],
                    [
                        80.214735,
                        13.010055
                    ],
                    [
                        80.214537,
                        13.010011
                    ],
                    [
                        80.213284,
                        13.009487
                    ],
                    [
                        80.212311,
                        13.00911
                    ],
                    [
                        80.212157,
                        13.009053
                    ],
                    [
                        80.212018,
                        13.009
                    ],
                    [
                        80.211774,
                        13.008908
                    ],
                    [
                        80.211357,
                        13.008752
                    ],
                    [
                        80.211037,
                        13.008631
                    ],
                    [
                        80.210822,
                        13.00855
                    ],
                    [
                        80.210635,
                        13.008479
                    ],
                    [
                        80.210027,
                        13.008269
                    ],
                    [
                        80.209742,
                        13.008165
                    ],
                    [
                        80.209391,
                        13.008075
                    ],
                    [
                        80.208702,
                        13.007958
                    ],
                    [
                        80.208379,
                        13.00791
                    ],
                    [
                        80.207975,
                        13.00785
                    ],
                    [
                        80.207914,
                        13.007842
                    ],
                    [
                        80.207055,
                        13.007714
                    ],
                    [
                        80.206504,
                        13.007636
                    ],
                    [
                        80.206345,
                        13.007614
                    ],
                    [
                        80.205925,
                        13.007584
                    ],
                    [
                        80.205691,
                        13.007481
                    ],
                    [
                        80.205626,
                        13.007456
                    ],
                    [
                        80.205501,
                        13.00742
                    ],
                    [
                        80.20537,
                        13.007378
                    ],
                    [
                        80.205335,
                        13.007367
                    ],
                    [
                        80.205273,
                        13.007346
                    ],
                    [
                        80.205155,
                        13.007301
                    ],
                    [
                        80.205046,
                        13.007257
                    ],
                    [
                        80.204944,
                        13.007209
                    ],
                    [
                        80.204828,
                        13.007159
                    ],
                    [
                        80.204727,
                        13.007116
                    ],
                    [
                        80.20469,
                        13.0071
                    ],
                    [
                        80.204584,
                        13.007051
                    ],
                    [
                        80.204315,
                        13.006907
                    ],
                    [
                        80.20417,
                        13.00683
                    ],
                    [
                        80.204066,
                        13.00677
                    ],
                    [
                        80.203882,
                        13.006655
                    ],
                    [
                        80.203751,
                        13.006569
                    ],
                    [
                        80.203424,
                        13.006352
                    ],
                    [
                        80.203405,
                        13.006339
                    ],
                    [
                        80.203289,
                        13.006258
                    ],
                    [
                        80.203141,
                        13.006149
                    ],
                    [
                        80.202929,
                        13.005989
                    ],
                    [
                        80.202818,
                        13.005901
                    ],
                    [
                        80.202693,
                        13.005802
                    ],
                    [
                        80.202667,
                        13.005789
                    ],
                    [
                        80.202444,
                        13.005675
                    ],
                    [
                        80.202164,
                        13.005526
                    ],
                    [
                        80.201958,
                        13.005395
                    ],
                    [
                        80.201786,
                        13.00523
                    ],
                    [
                        80.20161,
                        13.005062
                    ],
                    [
                        80.201419,
                        13.004968
                    ],
                    [
                        80.201311,
                        13.004791
                    ],
                    [
                        80.20122,
                        13.004598
                    ],
                    [
                        80.201184,
                        13.004469
                    ],
                    [
                        80.201122,
                        13.004252
                    ],
                    [
                        80.200999,
                        13.003729
                    ],
                    [
                        80.200963,
                        13.003578
                    ],
                    [
                        80.20095,
                        13.00352
                    ],
                    [
                        80.200923,
                        13.003407
                    ],
                    [
                        80.200762,
                        13.002761
                    ],
                    [
                        80.200702,
                        13.002582
                    ],
                    [
                        80.200638,
                        13.00243
                    ],
                    [
                        80.200544,
                        13.002274
                    ],
                    [
                        80.200461,
                        13.002157
                    ],
                    [
                        80.200367,
                        13.002082
                    ],
                    [
                        80.200268,
                        13.002018
                    ],
                    [
                        80.20011,
                        13.001939
                    ],
                    [
                        80.199938,
                        13.001861
                    ],
                    [
                        80.199757,
                        13.001811
                    ],
                    [
                        80.199559,
                        13.001763
                    ],
                    [
                        80.199477,
                        13.001759
                    ],
                    [
                        80.199414,
                        13.001758
                    ],
                    [
                        80.199357,
                        13.001757
                    ],
                    [
                        80.199329,
                        13.001756
                    ],
                    [
                        80.199106,
                        13.001791
                    ],
                    [
                        80.198277,
                        13.001888
                    ],
                    [
                        80.198257,
                        13.00189
                    ],
                    [
                        80.197851,
                        13.001924
                    ],
                    [
                        80.197746,
                        13.001932
                    ],
                    [
                        80.197389,
                        13.001975
                    ],
                    [
                        80.197234,
                        13.001967
                    ],
                    [
                        80.197053,
                        13.001956
                    ],
                    [
                        80.196729,
                        13.001869
                    ],
                    [
                        80.196507,
                        13.001753
                    ],
                    [
                        80.196112,
                        13.001466
                    ],
                    [
                        80.196001,
                        13.001379
                    ],
                    [
                        80.195934,
                        13.001329
                    ],
                    [
                        80.195913,
                        13.001314
                    ],
                    [
                        80.195871,
                        13.001276
                    ],
                    [
                        80.194263,
                        12.999994
                    ],
                    [
                        80.194072,
                        12.999841
                    ],
                    [
                        80.193622,
                        12.999483
                    ],
                    [
                        80.193001,
                        12.998987
                    ],
                    [
                        80.192629,
                        12.998673
                    ],
                    [
                        80.192244,
                        12.998383
                    ],
                    [
                        80.192095,
                        12.998271
                    ],
                    [
                        80.190247,
                        12.996809
                    ],
                    [
                        80.190205,
                        12.996772
                    ],
                    [
                        80.189484,
                        12.996131
                    ],
                    [
                        80.188936,
                        12.995722
                    ],
                    [
                        80.188762,
                        12.995621
                    ],
                    [
                        80.188692,
                        12.995577
                    ],
                    [
                        80.188461,
                        12.995454
                    ],
                    [
                        80.187993,
                        12.995204
                    ],
                    [
                        80.187665,
                        12.995028
                    ],
                    [
                        80.187552,
                        12.994967
                    ],
                    [
                        80.187374,
                        12.994886
                    ],
                    [
                        80.18724,
                        12.994817
                    ],
                    [
                        80.187158,
                        12.994776
                    ],
                    [
                        80.186823,
                        12.994606
                    ],
                    [
                        80.186614,
                        12.994497
                    ],
                    [
                        80.186309,
                        12.994345
                    ],
                    [
                        80.18554,
                        12.993955
                    ],
                    [
                        80.185461,
                        12.993919
                    ],
                    [
                        80.185214,
                        12.993786
                    ],
                    [
                        80.184769,
                        12.993546
                    ],
                    [
                        80.183359,
                        12.992788
                    ],
                    [
                        80.182737,
                        12.992376
                    ],
                    [
                        80.182582,
                        12.992274
                    ],
                    [
                        80.180964,
                        12.991015
                    ],
                    [
                        80.179885,
                        12.990176
                    ],
                    [
                        80.179247,
                        12.98968
                    ],
                    [
                        80.178939,
                        12.98944
                    ],
                    [
                        80.178844,
                        12.989559
                    ],
                    [
                        80.178725,
                        12.989692
                    ],
                    [
                        80.178685,
                        12.989698
                    ],
                    [
                        80.178563,
                        12.989841
                    ],
                    [
                        80.178543,
                        12.98991
                    ],
                    [
                        80.178497,
                        12.989993
                    ],
                    [
                        80.177665,
                        12.989282
                    ],
                    [
                        80.177217,
                        12.988898
                    ],
                    [
                        80.176864,
                        12.988595
                    ],
                    [
                        80.17677,
                        12.988807
                    ],
                    [
                        80.176334,
                        12.989516
                    ]
                ]
            }
        },
        {
            "type": "Feature",
            "properties": {
                "route_name": "Alternative Route 1",
                "route_number": 2,
                "distance_m": 23567.1,
                "duration_sec": 1431.8
            },
            "geometry": {
                "type": "LineString",
                "coordinates": [
                    [
                        80.220692,
                        12.914585
                    ],
                    [
                        80.220728,
                        12.914628
                    ],
                    [
                        80.220771,
                        12.914656
                    ],
                    [
                        80.22083,
                        12.914677
                    ],
                    [
                        80.220914,
                        12.91468
                    ],
                    [
                        80.221576,
                        12.914516
                    ],
                    [
                        80.223593,
                        12.914029
                    ],
                    [
                        80.224164,
                        12.913897
                    ],
                    [
                        80.224293,
                        12.913868
                    ],
                    [
                        80.224451,
                        12.91382
                    ],
                    [
                        80.224592,
                        12.913708
                    ],
                    [
                        80.225157,
                        12.913154
                    ],
                    [
                        80.225535,
                        12.912782
                    ],
                    [
                        80.225576,
                        12.912741
                    ],
                    [
                        80.225684,
                        12.912647
                    ],
                    [
                        80.225699,
                        12.912627
                    ],
                    [
                        80.226126,
                        12.912229
                    ],
                    [
                        80.226495,
                        12.911877
                    ],
                    [
                        80.226627,
                        12.91179
                    ],
                    [
                        80.227119,
                        12.911639
                    ],
                    [
                        80.228648,
                        12.911237
                    ],
                    [
                        80.228779,
                        12.911203
                    ],
                    [
                        80.22882,
                        12.91144
                    ],
                    [
                        80.228865,
                        12.911782
                    ],
                    [
                        80.228878,
                        12.911841
                    ],
                    [
                        80.228928,
                        12.912161
                    ],
                    [
                        80.228942,
                        12.912208
                    ],
                    [
                        80.228956,
                        12.912261
                    ],
                    [
                        80.229027,
                        12.912761
                    ],
                    [
                        80.229109,
                        12.912751
                    ],
                    [
                        80.229353,
                        12.914666
                    ],
                    [
                        80.229591,
                        12.916223
                    ],
                    [
                        80.22963,
                        12.91651
                    ],
                    [
                        80.229719,
                        12.917164
                    ],
                    [
                        80.229778,
                        12.917597
                    ],
                    [
                        80.229828,
                        12.917965
                    ],
                    [
                        80.229981,
                        12.9191
                    ],
                    [
                        80.230185,
                        12.92072
                    ],
                    [
                        80.230353,
                        12.921962
                    ],
                    [
                        80.230525,
                        12.923172
                    ],
                    [
                        80.230545,
                        12.923311
                    ],
                    [
                        80.230551,
                        12.923431
                    ],
                    [
                        80.230684,
                        12.924365
                    ],
                    [
                        80.230702,
                        12.924517
                    ],
                    [
                        80.230923,
                        12.926303
                    ],
                    [
                        80.231129,
                        12.927719
                    ],
                    [
                        80.231157,
                        12.92794
                    ],
                    [
                        80.231294,
                        12.929011
                    ],
                    [
                        80.231402,
                        12.929467
                    ],
                    [
                        80.231538,
                        12.930045
                    ],
                    [
                        80.231576,
                        12.930186
                    ],
                    [
                        80.231682,
                        12.930573
                    ],
                    [
                        80.231704,
                        12.930655
                    ],
                    [
                        80.231725,
                        12.930733
                    ],
                    [
                        80.23175,
                        12.930809
                    ],
                    [
                        80.232034,
                        12.931679
                    ],
                    [
                        80.232082,
                        12.931824
                    ],
                    [
                        80.232261,
                        12.932386
                    ],
                    [
                        80.232397,
                        12.932748
                    ],
                    [
                        80.232574,
                        12.933212
                    ],
                    [
                        80.23265,
                        12.933386
                    ],
                    [
                        80.23276,
                        12.933665
                    ],
                    [
                        80.23279,
                        12.933743
                    ],
                    [
                        80.233084,
                        12.934357
                    ],
                    [
                        80.233264,
                        12.934733
                    ],
                    [
                        80.233622,
                        12.935487
                    ],
                    [
                        80.233681,
                        12.935612
                    ],
                    [
                        80.233683,
                        12.935616
                    ],
                    [
                        80.233773,
                        12.935809
                    ],
                    [
                        80.233827,
                        12.935926
                    ],
                    [
                        80.233867,
                        12.936012
                    ],
                    [
                        80.234225,
                        12.936746
                    ],
                    [
                        80.234792,
                        12.937938
                    ],
                    [
                        80.23544,
                        12.939237
                    ],
                    [
                        80.235657,
                        12.939674
                    ],
                    [
                        80.235834,
                        12.940102
                    ],
                    [
                        80.235971,
                        12.940569
                    ],
                    [
                        80.236217,
                        12.941499
                    ],
                    [
                        80.236238,
                        12.9416
                    ],
                    [
                        80.236315,
                        12.941861
                    ],
                    [
                        80.236449,
                        12.942373
                    ],
                    [
                        80.236576,
                        12.942678
                    ],
                    [
                        80.236631,
                        12.942809
                    ],
                    [
                        80.236895,
                        12.943178
                    ],
                    [
                        80.23713,
                        12.943442
                    ],
                    [
                        80.237351,
                        12.943656
                    ],
                    [
                        80.237549,
                        12.943842
                    ],
                    [
                        80.237564,
                        12.943862
                    ],
                    [
                        80.237651,
                        12.943925
                    ],
                    [
                        80.237894,
                        12.944178
                    ],
                    [
                        80.238014,
                        12.944285
                    ],
                    [
                        80.238063,
                        12.944329
                    ],
                    [
                        80.238102,
                        12.944364
                    ],
                    [
                        80.238467,
                        12.94469
                    ],
                    [
                        80.238678,
                        12.944892
                    ],
                    [
                        80.238801,
                        12.945009
                    ],
                    [
                        80.239024,
                        12.94523
                    ],
                    [
                        80.239185,
                        12.945442
                    ],
                    [
                        80.239313,
                        12.945662
                    ],
                    [
                        80.239409,
                        12.945838
                    ],
                    [
                        80.239991,
                        12.947251
                    ],
                    [
                        80.240571,
                        12.948683
                    ],
                    [
                        80.24066,
                        12.948933
                    ],
                    [
                        80.240697,
                        12.94905
                    ],
                    [
                        80.240793,
                        12.949335
                    ],
                    [
                        80.240825,
                        12.949436
                    ],
                    [
                        80.240983,
                        12.949934
                    ],
                    [
                        80.241444,
                        12.951382
                    ],
                    [
                        80.241501,
                        12.951562
                    ],
                    [
                        80.241507,
                        12.95158
                    ],
                    [
                        80.241703,
                        12.952121
                    ],
                    [
                        80.241898,
                        12.952583
                    ],
                    [
                        80.241962,
                        12.952734
                    ],
                    [
                        80.242419,
                        12.953971
                    ],
                    [
                        80.2425,
                        12.954161
                    ],
                    [
                        80.242792,
                        12.954826
                    ],
                    [
                        80.242828,
                        12.954908
                    ],
                    [
                        80.243061,
                        12.955549
                    ],
                    [
                        80.243076,
                        12.95558
                    ],
                    [
                        80.243087,
                        12.955601
                    ],
                    [
                        80.243094,
                        12.95562
                    ],
                    [
                        80.243372,
                        12.956363
                    ],
                    [
                        80.243446,
                        12.956545
                    ],
                    [
                        80.243652,
                        12.957016
                    ],
                    [
                        80.243759,
                        12.957241
                    ],
                    [
                        80.243887,
                        12.957496
                    ],
                    [
                        80.244092,
                        12.957976
                    ],
                    [
                        80.244444,
                        12.958917
                    ],
                    [
                        80.244639,
                        12.959356
                    ],
                    [
                        80.244783,
                        12.95968
                    ],
                    [
                        80.245045,
                        12.960267
                    ],
                    [
                        80.245151,
                        12.960494
                    ],
                    [
                        80.245343,
                        12.960904
                    ],
                    [
                        80.245725,
                        12.96172
                    ],
                    [
                        80.246068,
                        12.962414
                    ],
                    [
                        80.246163,
                        12.962585
                    ],
                    [
                        80.246421,
                        12.963099
                    ],
                    [
                        80.24656,
                        12.963396
                    ],
                    [
                        80.246606,
                        12.96349
                    ],
                    [
                        80.246645,
                        12.963575
                    ],
                    [
                        80.246824,
                        12.963999
                    ],
                    [
                        80.247205,
                        12.965042
                    ],
                    [
                        80.247434,
                        12.965717
                    ],
                    [
                        80.247601,
                        12.966116
                    ],
                    [
                        80.247889,
                        12.966741
                    ],
                    [
                        80.248143,
                        12.967277
                    ],
                    [
                        80.248305,
                        12.967649
                    ],
                    [
                        80.248451,
                        12.968003
                    ],
                    [
                        80.248664,
                        12.968563
                    ],
                    [
                        80.248945,
                        12.969258
                    ],
                    [
                        80.249108,
                        12.969651
                    ],
                    [
                        80.249301,
                        12.970153
                    ],
                    [
                        80.249457,
                        12.970568
                    ],
                    [
                        80.249506,
                        12.970718
                    ],
                    [
                        80.24963,
                        12.971096
                    ],
                    [
                        80.249884,
                        12.972065
                    ],
                    [
                        80.24998,
                        12.972426
                    ],
                    [
                        80.250017,
                        12.972564
                    ],
                    [
                        80.250062,
                        12.97275
                    ],
                    [
                        80.250212,
                        12.973366
                    ],
                    [
                        80.250306,
                        12.973687
                    ],
                    [
                        80.250343,
                        12.973816
                    ],
                    [
                        80.250666,
                        12.974939
                    ],
                    [
                        80.250814,
                        12.975453
                    ],
                    [
                        80.251099,
                        12.976445
                    ],
                    [
                        80.251258,
                        12.976934
                    ],
                    [
                        80.251363,
                        12.977216
                    ],
                    [
                        80.25149,
                        12.977448
                    ],
                    [
                        80.251543,
                        12.977527
                    ],
                    [
                        80.251644,
                        12.977655
                    ],
                    [
                        80.251747,
                        12.977783
                    ],
                    [
                        80.251825,
                        12.977867
                    ],
                    [
                        80.252215,
                        12.978321
                    ],
                    [
                        80.252368,
                        12.978588
                    ],
                    [
                        80.252489,
                        12.978847
                    ],
                    [
                        80.252551,
                        12.97916
                    ],
                    [
                        80.252573,
                        12.979375
                    ],
                    [
                        80.252579,
                        12.979459
                    ],
                    [
                        80.252598,
                        12.979693
                    ],
                    [
                        80.252599,
                        12.979715
                    ],
                    [
                        80.25261,
                        12.979898
                    ],
                    [
                        80.252609,
                        12.979986
                    ],
                    [
                        80.252633,
                        12.980471
                    ],
                    [
                        80.252593,
                        12.981791
                    ],
                    [
                        80.252589,
                        12.981928
                    ],
                    [
                        80.252587,
                        12.981993
                    ],
                    [
                        80.252575,
                        12.982748
                    ],
                    [
                        80.252566,
                        12.982827
                    ],
                    [
                        80.252525,
                        12.983171
                    ],
                    [
                        80.252517,
                        12.983241
                    ],
                    [
                        80.252506,
                        12.983283
                    ],
                    [
                        80.252147,
                        12.984686
                    ],
                    [
                        80.252117,
                        12.984803
                    ],
                    [
                        80.252095,
                        12.984888
                    ],
                    [
                        80.252084,
                        12.98493
                    ],
                    [
                        80.251735,
                        12.986266
                    ],
                    [
                        80.25164,
                        12.98665
                    ],
                    [
                        80.251336,
                        12.987794
                    ],
                    [
                        80.25131,
                        12.9879
                    ],
                    [
                        80.251267,
                        12.988077
                    ],
                    [
                        80.251123,
                        12.988674
                    ],
                    [
                        80.251079,
                        12.98885
                    ],
                    [
                        80.251043,
                        12.988997
                    ],
                    [
                        80.250832,
                        12.98988
                    ],
                    [
                        80.250784,
                        12.990078
                    ],
                    [
                        80.250665,
                        12.990573
                    ],
                    [
                        80.250662,
                        12.990585
                    ],
                    [
                        80.250649,
                        12.990635
                    ],
                    [
                        80.250355,
                        12.9918
                    ],
                    [
                        80.250328,
                        12.991906
                    ],
                    [
                        80.250314,
                        12.99197
                    ],
                    [
                        80.249716,
                        12.9943
                    ],
                    [
                        80.24969,
                        12.994403
                    ],
                    [
                        80.249667,
                        12.994489
                    ],
                    [
                        80.249573,
                        12.994854
                    ],
                    [
                        80.249194,
                        12.996249
                    ],
                    [
                        80.248891,
                        12.997368
                    ],
                    [
                        80.24852,
                        12.998924
                    ],
                    [
                        80.248466,
                        12.999132
                    ],
                    [
                        80.248294,
                        12.999857
                    ],
                    [
                        80.248032,
                        13.000875
                    ],
                    [
                        80.247952,
                        13.001188
                    ],
                    [
                        80.247667,
                        13.002311
                    ],
                    [
                        80.247484,
                        13.003312
                    ],
                    [
                        80.247374,
                        13.004164
                    ],
                    [
                        80.247305,
                        13.004777
                    ],
                    [
                        80.247264,
                        13.005139
                    ],
                    [
                        80.247187,
                        13.005282
                    ],
                    [
                        80.247161,
                        13.005425
                    ],
                    [
                        80.247154,
                        13.005464
                    ],
                    [
                        80.247083,
                        13.005754
                    ],
                    [
                        80.247015,
                        13.006014
                    ],
                    [
                        80.246856,
                        13.00624
                    ],
                    [
                        80.246583,
                        13.006441
                    ],
                    [
                        80.24615,
                        13.006644
                    ],
                    [
                        80.245374,
                        13.006633
                    ],
                    [
                        80.244949,
                        13.006627
                    ],
                    [
                        80.244929,
                        13.006627
                    ],
                    [
                        80.244523,
                        13.006611
                    ],
                    [
                        80.244253,
                        13.006613
                    ],
                    [
                        80.244001,
                        13.006615
                    ],
                    [
                        80.243638,
                        13.006605
                    ],
                    [
                        80.243604,
                        13.006604
                    ],
                    [
                        80.242876,
                        13.006602
                    ],
                    [
                        80.242681,
                        13.006597
                    ],
                    [
                        80.242415,
                        13.006594
                    ],
                    [
                        80.241869,
                        13.006589
                    ],
                    [
                        80.241352,
                        13.006599
                    ],
                    [
                        80.240977,
                        13.006652
                    ],
                    [
                        80.240616,
                        13.006717
                    ],
                    [
                        80.240302,
                        13.006766
                    ],
                    [
                        80.240187,
                        13.006786
                    ],
                    [
                        80.239931,
                        13.006846
                    ],
                    [
                        80.239691,
                        13.0069
                    ],
                    [
                        80.23926,
                        13.006968
                    ],
                    [
                        80.23842,
                        13.007142
                    ],
                    [
                        80.237991,
                        13.007235
                    ],
                    [
                        80.237604,
                        13.007318
                    ],
                    [
                        80.237308,
                        13.007376
                    ],
                    [
                        80.237095,
                        13.007422
                    ],
                    [
                        80.236854,
                        13.007471
                    ],
                    [
                        80.236734,
                        13.00749
                    ],
                    [
                        80.236644,
                        13.007506
                    ],
                    [
                        80.236385,
                        13.007561
                    ],
                    [
                        80.235721,
                        13.00768
                    ],
                    [
                        80.235161,
                        13.007793
                    ],
                    [
                        80.235058,
                        13.007813
                    ],
                    [
                        80.228676,
                        13.009065
                    ],
                    [
                        80.228425,
                        13.009127
                    ],
                    [
                        80.22834,
                        13.009148
                    ],
                    [
                        80.228242,
                        13.009171
                    ],
                    [
                        80.227901,
                        13.009289
                    ],
                    [
                        80.225926,
                        13.010256
                    ],
                    [
                        80.225815,
                        13.010328
                    ],
                    [
                        80.22497,
                        13.010706
                    ],
                    [
                        80.224857,
                        13.010756
                    ],
                    [
                        80.224726,
                        13.010809
                    ],
                    [
                        80.22446,
                        13.010918
                    ],
                    [
                        80.224104,
                        13.011063
                    ],
                    [
                        80.224015,
                        13.011099
                    ],
                    [
                        80.223282,
                        13.01139
                    ],
                    [
                        80.223198,
                        13.01143
                    ],
                    [
                        80.223024,
                        13.011496
                    ],
                    [
                        80.222801,
                        13.011579
                    ],
                    [
                        80.222419,
                        13.011722
                    ],
                    [
                        80.222377,
                        13.011737
                    ],
                    [
                        80.222331,
                        13.011753
                    ],
                    [
                        80.221986,
                        13.011873
                    ],
                    [
                        80.221907,
                        13.011909
                    ],
                    [
                        80.221836,
                        13.011942
                    ],
                    [
                        80.221798,
                        13.01196
                    ],
                    [
                        80.221747,
                        13.011976
                    ],
                    [
                        80.221575,
                        13.012019
                    ],
                    [
                        80.22148,
                        13.012058
                    ],
                    [
                        80.221307,
                        13.012113
                    ],
                    [
                        80.221065,
                        13.012149
                    ],
                    [
                        80.220237,
                        13.011867
                    ],
                    [
                        80.22002,
                        13.011801
                    ],
                    [
                        80.219878,
                        13.011759
                    ],
                    [
                        80.218362,
                        13.011282
                    ],
                    [
                        80.2183,
                        13.01126
                    ],
                    [
                        80.21785,
                        13.011104
                    ],
                    [
                        80.217769,
                        13.011076
                    ],
                    [
                        80.217511,
                        13.010984
                    ],
                    [
                        80.217071,
                        13.010795
                    ],
                    [
                        80.21688,
                        13.010708
                    ],
                    [
                        80.216842,
                        13.010691
                    ],
                    [
                        80.216328,
                        13.010461
                    ],
                    [
                        80.216107,
                        13.010363
                    ],
                    [
                        80.215735,
                        13.010207
                    ],
                    [
                        80.21558,
                        13.010153
                    ],
                    [
                        80.214793,
                        13.010064
                    ],
                    [
                        80.214735,
                        13.010055
                    ],
                    [
                        80.214537,
                        13.010011
                    ],
                    [
                        80.213284,
                        13.009487
                    ],
                    [
                        80.212311,
                        13.00911
                    ],
                    [
                        80.212157,
                        13.009053
                    ],
                    [
                        80.212018,
                        13.009
                    ],
                    [
                        80.211774,
                        13.008908
                    ],
                    [
                        80.211357,
                        13.008752
                    ],
                    [
                        80.211037,
                        13.008631
                    ],
                    [
                        80.210822,
                        13.00855
                    ],
                    [
                        80.210635,
                        13.008479
                    ],
                    [
                        80.210027,
                        13.008269
                    ],
                    [
                        80.209742,
                        13.008165
                    ],
                    [
                        80.209391,
                        13.008075
                    ],
                    [
                        80.208702,
                        13.007958
                    ],
                    [
                        80.208379,
                        13.00791
                    ],
                    [
                        80.207975,
                        13.00785
                    ],
                    [
                        80.207914,
                        13.007842
                    ],
                    [
                        80.207055,
                        13.007714
                    ],
                    [
                        80.206504,
                        13.007636
                    ],
                    [
                        80.206345,
                        13.007614
                    ],
                    [
                        80.205925,
                        13.007584
                    ],
                    [
                        80.205691,
                        13.007481
                    ],
                    [
                        80.205626,
                        13.007456
                    ],
                    [
                        80.205501,
                        13.00742
                    ],
                    [
                        80.20537,
                        13.007378
                    ],
                    [
                        80.205335,
                        13.007367
                    ],
                    [
                        80.205273,
                        13.007346
                    ],
                    [
                        80.205155,
                        13.007301
                    ],
                    [
                        80.205046,
                        13.007257
                    ],
                    [
                        80.204944,
                        13.007209
                    ],
                    [
                        80.204828,
                        13.007159
                    ],
                    [
                        80.204727,
                        13.007116
                    ],
                    [
                        80.20469,
                        13.0071
                    ],
                    [
                        80.204584,
                        13.007051
                    ],
                    [
                        80.204315,
                        13.006907
                    ],
                    [
                        80.20417,
                        13.00683
                    ],
                    [
                        80.204066,
                        13.00677
                    ],
                    [
                        80.203882,
                        13.006655
                    ],
                    [
                        80.203751,
                        13.006569
                    ],
                    [
                        80.203424,
                        13.006352
                    ],
                    [
                        80.203405,
                        13.006339
                    ],
                    [
                        80.203289,
                        13.006258
                    ],
                    [
                        80.203141,
                        13.006149
                    ],
                    [
                        80.202929,
                        13.005989
                    ],
                    [
                        80.202818,
                        13.005901
                    ],
                    [
                        80.202693,
                        13.005802
                    ],
                    [
                        80.202667,
                        13.005789
                    ],
                    [
                        80.202444,
                        13.005675
                    ],
                    [
                        80.202164,
                        13.005526
                    ],
                    [
                        80.201958,
                        13.005395
                    ],
                    [
                        80.201786,
                        13.00523
                    ],
                    [
                        80.20161,
                        13.005062
                    ],
                    [
                        80.201419,
                        13.004968
                    ],
                    [
                        80.201311,
                        13.004791
                    ],
                    [
                        80.20122,
                        13.004598
                    ],
                    [
                        80.201184,
                        13.004469
                    ],
                    [
                        80.201122,
                        13.004252
                    ],
                    [
                        80.200999,
                        13.003729
                    ],
                    [
                        80.200963,
                        13.003578
                    ],
                    [
                        80.20095,
                        13.00352
                    ],
                    [
                        80.200923,
                        13.003407
                    ],
                    [
                        80.200762,
                        13.002761
                    ],
                    [
                        80.200702,
                        13.002582
                    ],
                    [
                        80.200638,
                        13.00243
                    ],
                    [
                        80.200544,
                        13.002274
                    ],
                    [
                        80.200461,
                        13.002157
                    ],
                    [
                        80.200367,
                        13.002082
                    ],
                    [
                        80.200268,
                        13.002018
                    ],
                    [
                        80.20011,
                        13.001939
                    ],
                    [
                        80.199938,
                        13.001861
                    ],
                    [
                        80.199757,
                        13.001811
                    ],
                    [
                        80.199559,
                        13.001763
                    ],
                    [
                        80.199477,
                        13.001759
                    ],
                    [
                        80.199414,
                        13.001758
                    ],
                    [
                        80.199357,
                        13.001757
                    ],
                    [
                        80.199329,
                        13.001756
                    ],
                    [
                        80.199106,
                        13.001791
                    ],
                    [
                        80.198277,
                        13.001888
                    ],
                    [
                        80.198257,
                        13.00189
                    ],
                    [
                        80.197851,
                        13.001924
                    ],
                    [
                        80.197746,
                        13.001932
                    ],
                    [
                        80.197389,
                        13.001975
                    ],
                    [
                        80.197234,
                        13.001967
                    ],
                    [
                        80.197053,
                        13.001956
                    ],
                    [
                        80.196729,
                        13.001869
                    ],
                    [
                        80.196507,
                        13.001753
                    ],
                    [
                        80.196112,
                        13.001466
                    ],
                    [
                        80.196001,
                        13.001379
                    ],
                    [
                        80.195934,
                        13.001329
                    ],
                    [
                        80.195913,
                        13.001314
                    ],
                    [
                        80.195871,
                        13.001276
                    ],
                    [
                        80.194263,
                        12.999994
                    ],
                    [
                        80.194072,
                        12.999841
                    ],
                    [
                        80.193622,
                        12.999483
                    ],
                    [
                        80.193001,
                        12.998987
                    ],
                    [
                        80.192629,
                        12.998673
                    ],
                    [
                        80.192244,
                        12.998383
                    ],
                    [
                        80.192095,
                        12.998271
                    ],
                    [
                        80.190247,
                        12.996809
                    ],
                    [
                        80.190205,
                        12.996772
                    ],
                    [
                        80.189484,
                        12.996131
                    ],
                    [
                        80.188936,
                        12.995722
                    ],
                    [
                        80.188762,
                        12.995621
                    ],
                    [
                        80.188692,
                        12.995577
                    ],
                    [
                        80.188461,
                        12.995454
                    ],
                    [
                        80.187993,
                        12.995204
                    ],
                    [
                        80.187665,
                        12.995028
                    ],
                    [
                        80.187552,
                        12.994967
                    ],
                    [
                        80.187374,
                        12.994886
                    ],
                    [
                        80.18724,
                        12.994817
                    ],
                    [
                        80.187158,
                        12.994776
                    ],
                    [
                        80.186823,
                        12.994606
                    ],
                    [
                        80.186614,
                        12.994497
                    ],
                    [
                        80.186309,
                        12.994345
                    ],
                    [
                        80.18554,
                        12.993955
                    ],
                    [
                        80.185461,
                        12.993919
                    ],
                    [
                        80.185214,
                        12.993786
                    ],
                    [
                        80.184769,
                        12.993546
                    ],
                    [
                        80.183359,
                        12.992788
                    ],
                    [
                        80.182737,
                        12.992376
                    ],
                    [
                        80.182582,
                        12.992274
                    ],
                    [
                        80.180964,
                        12.991015
                    ],
                    [
                        80.179885,
                        12.990176
                    ],
                    [
                        80.179247,
                        12.98968
                    ],
                    [
                        80.178939,
                        12.98944
                    ],
                    [
                        80.177948,
                        12.988669
                    ],
                    [
                        80.177296,
                        12.988181
                    ],
                    [
                        80.176025,
                        12.987276
                    ],
                    [
                        80.175985,
                        12.987244
                    ],
                    [
                        80.175922,
                        12.987194
                    ],
                    [
                        80.175882,
                        12.987167
                    ],
                    [
                        80.1748,
                        12.986428
                    ],
                    [
                        80.174097,
                        12.985945
                    ],
                    [
                        80.17311,
                        12.985267
                    ],
                    [
                        80.171062,
                        12.98392
                    ],
                    [
                        80.168177,
                        12.982218
                    ],
                    [
                        80.167412,
                        12.981735
                    ],
                    [
                        80.167118,
                        12.981574
                    ],
                    [
                        80.167004,
                        12.981524
                    ],
                    [
                        80.166831,
                        12.98143
                    ],
                    [
                        80.166648,
                        12.981586
                    ],
                    [
                        80.166695,
                        12.981613
                    ],
                    [
                        80.16681,
                        12.981679
                    ],
                    [
                        80.167442,
                        12.98205
                    ],
                    [
                        80.168441,
                        12.98265
                    ],
                    [
                        80.170667,
                        12.983968
                    ],
                    [
                        80.171342,
                        12.98438
                    ],
                    [
                        80.171541,
                        12.984399
                    ],
                    [
                        80.17277,
                        12.98533
                    ],
                    [
                        80.173687,
                        12.985934
                    ],
                    [
                        80.173974,
                        12.986133
                    ],
                    [
                        80.174395,
                        12.986417
                    ],
                    [
                        80.174478,
                        12.986477
                    ],
                    [
                        80.1748,
                        12.986679
                    ],
                    [
                        80.175588,
                        12.987168
                    ],
                    [
                        80.175498,
                        12.987276
                    ],
                    [
                        80.175825,
                        12.987505
                    ],
                    [
                        80.175927,
                        12.987604
                    ],
                    [
                        80.176013,
                        12.987701
                    ],
                    [
                        80.176131,
                        12.987858
                    ],
                    [
                        80.176235,
                        12.988074
                    ],
                    [
                        80.176773,
                        12.988514
                    ],
                    [
                        80.176864,
                        12.988595
                    ],
                    [
                        80.17677,
                        12.988807
                    ],
                    [
                        80.176334,
                        12.989516
                    ]
                ]
            }
        }
    ]
}